{"nodes":{"node:1":{"location":{"x":368,"y":82}}},"selection":null,"view":{"scroll":{"x":119.724571228027344,"y":-84.44232177734375},"visible_rect":{"max":{"x":1094.1796875,"y":462.846160888671875},"min":{"x":95.7796554565429688,"y":-67.5538558959960938}},"zoom":1.25}}