{"nodes":{"node:1":{"location":{"x":255,"y":64}},"node:2":{"location":{"x":251,"y":85}}},"selection":null,"view":{"scroll":{"x":-263.285675048828125,"y":-198.203445434570312},"visible_rect":{"max":{"x":984.71435546875,"y":464.79656982421875},"min":{"x":-263.285675048828125,"y":-198.203445434570312}},"zoom":1}}