{"nodes":null,"selection":null,"view":{"scroll":{"x":-412.38714599609375,"y":-157.771087646484375},"visible_rect":{"max":{"x":889.4556884765625,"y":849.42120361328125},"min":{"x":-581.65655517578125,"y":-222.530181884765625}},"zoom":0.70898735523223877}}