{"nodes":{"node:1":{"location":{"x":259,"y":147}},"node:2":{"location":{"x":497,"y":-263}}},"selection":null,"view":{"scroll":{"x":-87.01751708984375,"y":-212.57666015625},"visible_rect":{"max":{"x":1473.4281005859375,"y":855.259521484375},"min":{"x":-165.22802734375,"y":-403.638519287109375}},"zoom":0.526651084423065186}}