{"nodes":null,"selection":null,"view":{"scroll":{"x":-186.790634155273438,"y":-4.38583755493164062},"visible_rect":{"max":{"x":775.0947265625,"y":684.02960205078125},"min":{"x":-169.094680786132812,"y":-3.9703369140625}},"zoom":1.10465121269226074}}