{"nodes":{"node:1":{"location":{"x":541,"y":25}}},"selection":null,"view":{"scroll":{"x":59.0749244689941406,"y":-174.6422119140625},"visible_rect":{"max":{"x":1229.4334716796875,"y":684.47711181640625},"min":{"x":78.7665786743164062,"y":-232.856307983398438}},"zoom":0.749999940395355225}}