{"nodes":null,"selection":null,"view":{"scroll":{"x":-338.255615234375,"y":-301.76446533203125},"visible_rect":{"max":{"x":3316.19873046875,"y":2440.871826171875},"min":{"x":-2137.65576171875,"y":-1907.0445556640625}},"zoom":0.158236712217330933}}