{"nodes":null,"selection":null,"view":{"scroll":{"x":-361.015106201171875,"y":-307.307464599609375},"visible_rect":{"max":{"x":2504.1240234375,"y":1662.204345703125},"min":{"x":-1325.58154296875,"y":-1128.376953125}},"zoom":0.272344678640365601}}