{"nodes":{"node:1":{"location":{"x":310,"y":125}}},"selection":null,"view":{"scroll":{"x":-240.51953125,"y":-115.965721130371094},"visible_rect":{"max":{"x":1244.9609375,"y":1094.068603515625},"min":{"x":-481.0390625,"y":-231.931442260742188}},"zoom":0.5}}