{"nodes":null,"selection":null,"view":{"scroll":{"x":-359.94708251953125,"y":-323.17425537109375},"visible_rect":{"max":{"x":6447.373046875,"y":4675.7861328125},"min":{"x":-4613.2587890625,"y":-4141.9599609375}},"zoom":0.0780244767665863037}}