{"nodes":{"node:1":{"location":{"x":259,"y":120}}},"selection":null,"view":{"scroll":{"x":-181.153518676757812,"y":-379.3592529296875},"visible_rect":{"max":{"x":3025.80859375,"y":1369.645263671875},"min":{"x":-803.89923095703125,"y":-1683.4705810546875}},"zoom":0.225343555212020874}}