{"nodes":{"node:1":{"location":{"x":111,"y":47}},"node:2":{"location":{"x":248,"y":134}}},"selection":null,"view":{"scroll":{"x":-577.16748046875,"y":-211.69830322265625},"visible_rect":{"max":{"x":1910.6546630859375,"y":1285.390380859375},"min":{"x":-1643.87939453125,"y":-602.955810546875}},"zoom":0.3511008620262146}}