{"nodes":{"node:1":{"location":{"x":182,"y":256}}},"selection":["node:1"],"view":{"scroll":{"x":-128.997146606445312,"y":-0.000122070268844254315},"visible_rect":{"max":{"x":751.0030517578125,"y":683.0001220703125},"min":{"x":-128.9971923828125,"y":-0.0001220703125}},"zoom":0.999999642372131348}}