{"nodes":{"node:1":{"location":{"x":502,"y":112}}},"selection":null,"view":{"scroll":{"x":549.1822509765625,"y":29.6633033752441406},"visible_rect":{"max":{"x":952.7884521484375,"y":475.10906982421875},"min":{"x":366.12164306640625,"y":19.775543212890625}},"zoom":1.49999940395355225}}